{
  "marketing_stripe": {
    "text": "Desde 2016 levando conforto e Estilo aos pequenos🤩",
    "link": "",
    "background": "#d8a7f1",
    "color": "#262323"
  },
  "contacts_stripe": {
    "pages": [
      {
        "title": "Sobre nós",
        "link": ""
      },
      {
        "title": "",
        "link": ""
      }
    ],
    "phone_wpp": true,
    "socials": true
  },
  "categories_list": {
    "featured": [],
    "random": 6,
    "full_width": false
  },
  "desktop_megamenu": false,
  "search_input": true,
  "alphabetical_order_submenu": false,
  "full_width_submenu": false
}